{
  "experiment_name": "dnerf-hook-bin",
  "method_name": "alex-silhouette-model",
  "checkpoint": "outputs\\dnerf-hook-bin\\alex-silhouette-model\\2024-07-26_095625_l1_r10_o0_oSig_wPri\\nerfstudio_models\\step-000009999.ckpt",
  "results": {
    "psnr": 6.09658145904541,
    "psnr_std": 0.1328909695148468,
    "ssim": 0.04312655329704285,
    "ssim_std": 0.004911730531603098,
    "lpips": 0.6437954306602478,
    "lpips_std": 0.022231578826904297,
    "num_rays_per_sec": 31186.140625,
    "num_rays_per_sec_std": 501.875732421875,
    "fps": 0.06015845015645027,
    "fps_std": 0.0009681241936050355
  }
}