{
  "experiment_name": "dnerf-hook-bin",
  "method_name": "alex-silhouette-model",
  "checkpoint": "outputs\\dnerf-hook-bin\\alex-silhouette-model\\2024-07-26_101049_l1_r15_o0_oSig_wPri\\nerfstudio_models\\step-000009999.ckpt",
  "results": {
    "psnr": 6.079311370849609,
    "psnr_std": 0.10575272887945175,
    "ssim": 0.03200444579124451,
    "ssim_std": 0.004937926772981882,
    "lpips": 0.6476567387580872,
    "lpips_std": 0.0213204063475132,
    "num_rays_per_sec": 30958.2265625,
    "num_rays_per_sec_std": 487.1098327636719,
    "fps": 0.05971880257129669,
    "fps_std": 0.0009396407986059785
  }
}