{
  "experiment_name": "dnerf-hook-bin",
  "method_name": "alex-silhouette-model",
  "checkpoint": "outputs\\dnerf-hook-bin\\alex-silhouette-model\\2024-07-26_112249_l1_r10_o0_oSig\\nerfstudio_models\\step-000009999.ckpt",
  "results": {
    "psnr": 6.072503566741943,
    "psnr_std": 0.0729823186993599,
    "ssim": 0.05464068800210953,
    "ssim_std": 0.009464655071496964,
    "lpips": 0.646410346031189,
    "lpips_std": 0.020390693098306656,
    "num_rays_per_sec": 31232.12890625,
    "num_rays_per_sec_std": 404.34130859375,
    "fps": 0.060247160494327545,
    "fps_std": 0.0007799789891578257
  }
}