{
  "experiment_name": "dnerf-hook-bin",
  "method_name": "alex-silhouette-model",
  "checkpoint": "outputs\\dnerf-hook-bin\\alex-silhouette-model\\2024-07-05_222358_BCEWithLogits_os_wp\\nerfstudio_models\\step-000009999.ckpt",
  "results": {
    "psnr": 0.9528601765632629,
    "psnr_std": 0.23985324800014496,
    "ssim": 0.11528760939836502,
    "ssim_std": 0.0141745051369071,
    "lpips": 0.7472507953643799,
    "lpips_std": 0.04475526884198189,
    "num_rays_per_sec": 43548.2421875,
    "num_rays_per_sec_std": 804.1527709960938,
    "fps": 0.08400509506464005,
    "fps_std": 0.0015512201935052872
  }
}