{
  "experiment_name": "dnerf-hook-bin",
  "method_name": "alex-silhouette-model",
  "checkpoint": "outputs\\dnerf-hook-bin\\alex-silhouette-model\\2024-07-26_122049_l1_r15_o5_oSig\\nerfstudio_models\\step-000009999.ckpt",
  "results": {
    "psnr": 14.912287712097168,
    "psnr_std": 2.7363779544830322,
    "ssim": 0.6718448400497437,
    "ssim_std": 0.019358299672603607,
    "lpips": 0.14539386332035065,
    "lpips_std": 0.053930096328258514,
    "num_rays_per_sec": 30996.1171875,
    "num_rays_per_sec_std": 460.1852111816406,
    "fps": 0.059791892766952515,
    "fps_std": 0.000887703150510788
  }
}