{
  "experiment_name": "dnerf-hook-bin",
  "method_name": "alex-silhouette-model",
  "checkpoint": "outputs\\dnerf-hook-bin\\alex-silhouette-model\\2024-07-05_202858_SmoothL1\\nerfstudio_models\\step-000009999.ckpt",
  "results": {
    "psnr": 14.52673053741455,
    "psnr_std": 2.619417190551758,
    "ssim": 0.853066086769104,
    "ssim_std": 0.044811997562646866,
    "lpips": 0.2940065562725067,
    "lpips_std": 0.07073406875133514,
    "num_rays_per_sec": 43122.90625,
    "num_rays_per_sec_std": 781.8316040039062,
    "fps": 0.083184614777565,
    "fps_std": 0.0015081620076671243
  }
}