{
  "experiment_name": "dnerf-hook-bin",
  "method_name": "alex-silhouette-model",
  "checkpoint": "outputs\\dnerf-hook-bin\\alex-silhouette-model\\2024-07-05_200618_MSE\\nerfstudio_models\\step-000009999.ckpt",
  "results": {
    "psnr": 14.336108207702637,
    "psnr_std": 2.1991233825683594,
    "ssim": 0.8493499755859375,
    "ssim_std": 0.04659669101238251,
    "lpips": 0.2963632047176361,
    "lpips_std": 0.07794986665248871,
    "num_rays_per_sec": 42637.3046875,
    "num_rays_per_sec_std": 1299.2078857421875,
    "fps": 0.08224788308143616,
    "fps_std": 0.0025061871856451035
  }
}