{
  "experiment_name": "dnerf-hook-bin",
  "method_name": "alex-silhouette-model",
  "checkpoint": "outputs\\dnerf-hook-bin\\alex-silhouette-model\\2024-07-26_103930_l1_r10_o5_oSig_wPri\\nerfstudio_models\\step-000009999.ckpt",
  "results": {
    "psnr": 14.525840759277344,
    "psnr_std": 2.509079933166504,
    "ssim": 0.6691345572471619,
    "ssim_std": 0.019691860303282738,
    "lpips": 0.14636796712875366,
    "lpips_std": 0.05410468578338623,
    "num_rays_per_sec": 30930.880859375,
    "num_rays_per_sec_std": 410.9731750488281,
    "fps": 0.05966604873538017,
    "fps_std": 0.0007927723927423358
  }
}