{
  "experiment_name": "dnerf-hook-bin",
  "method_name": "alex-silhouette-model",
  "checkpoint": "outputs\\dnerf-hook-bin\\alex-silhouette-model\\2024-07-26_102509_l1_r5_o5_oSig_wPri\\nerfstudio_models\\step-000009999.ckpt",
  "results": {
    "psnr": 9.22477912902832,
    "psnr_std": 0.7901332378387451,
    "ssim": 0.5515133142471313,
    "ssim_std": 0.01774895377457142,
    "lpips": 0.3448340892791748,
    "lpips_std": 0.04896964877843857,
    "num_rays_per_sec": 31176.14453125,
    "num_rays_per_sec_std": 428.8970031738281,
    "fps": 0.06013916805386543,
    "fps_std": 0.0008273478015325963
  }
}