{
  "experiment_name": "dnerf-hook-bin",
  "method_name": "alex-silhouette-model",
  "checkpoint": "outputs\\dnerf-hook-bin\\alex-silhouette-model\\2024-07-05_205203_Charbonnier\\nerfstudio_models\\step-000009999.ckpt",
  "results": {
    "psnr": 14.657510757446289,
    "psnr_std": 2.512937068939209,
    "ssim": 0.924709677696228,
    "ssim_std": 0.025073779746890068,
    "lpips": 0.1489625871181488,
    "lpips_std": 0.0515625961124897,
    "num_rays_per_sec": 42970.08203125,
    "num_rays_per_sec_std": 783.6260986328125,
    "fps": 0.08288982510566711,
    "fps_std": 0.0015116246649995446
  }
}