{
  "experiment_name": "dnerf-hook-bin",
  "method_name": "alex-silhouette-model",
  "checkpoint": "outputs\\dnerf-hook-bin\\alex-silhouette-model\\2024-07-25_223454_l1_r5_o5\\nerfstudio_models\\step-000004999.ckpt",
  "results": {
    "psnr": 9.553167343139648,
    "psnr_std": 0.9149565100669861,
    "ssim": 0.5542030334472656,
    "ssim_std": 0.02147337608039379,
    "lpips": 0.34064891934394836,
    "lpips_std": 0.05729829519987106,
    "num_rays_per_sec": 31106.259765625,
    "num_rays_per_sec_std": 418.9007568359375,
    "fps": 0.06000436097383499,
    "fps_std": 0.0008080647676251829
  }
}