{
  "experiment_name": "dnerf-hook-bin",
  "method_name": "alex-silhouette-model",
  "checkpoint": "outputs\\dnerf-hook-bin\\alex-silhouette-model\\2024-07-25_221153_l1_r5_o0\\nerfstudio_models\\step-000004999.ckpt",
  "results": {
    "psnr": 6.148491382598877,
    "psnr_std": 0.1859782636165619,
    "ssim": 0.1049031913280487,
    "ssim_std": 0.013683643192052841,
    "lpips": 0.5788907408714294,
    "lpips_std": 0.03249342367053032,
    "num_rays_per_sec": 30758.0546875,
    "num_rays_per_sec_std": 759.9880981445312,
    "fps": 0.05933266505599022,
    "fps_std": 0.0014660267625004053
  }
}