{
  "experiment_name": "dnerf-hook-bin",
  "method_name": "alex-silhouette-model",
  "checkpoint": "outputs\\dnerf-hook-bin\\alex-silhouette-model\\2024-07-25_221948_l1_r10_o0\\nerfstudio_models\\step-000004999.ckpt",
  "results": {
    "psnr": 6.163483142852783,
    "psnr_std": 0.1665320247411728,
    "ssim": 0.09308069199323654,
    "ssim_std": 0.010607428848743439,
    "lpips": 0.60049968957901,
    "lpips_std": 0.02631886675953865,
    "num_rays_per_sec": 30994.310546875,
    "num_rays_per_sec_std": 448.0010070800781,
    "fps": 0.059788405895233154,
    "fps_std": 0.000864199420902878
  }
}