{
  "experiment_name": "dnerf-hook-bin",
  "method_name": "alex-silhouette-model",
  "checkpoint": "outputs\\dnerf-hook-bin\\alex-silhouette-model\\2024-07-25_222722_l1_r15_o0\\nerfstudio_models\\step-000004999.ckpt",
  "results": {
    "psnr": 6.020776271820068,
    "psnr_std": 0.005191003903746605,
    "ssim": 0.08790361881256104,
    "ssim_std": 0.011999021284282207,
    "lpips": 0.6613645553588867,
    "lpips_std": 0.017934372648596764,
    "num_rays_per_sec": 30972.1953125,
    "num_rays_per_sec_std": 455.33648681640625,
    "fps": 0.05974574759602547,
    "fps_std": 0.0008783493540249765
  }
}